duration,spectrum,mean_frequency,peak_frequency,frequencies_std,amplitudes_cum_sum,mode_frequency,median_frequency,frequencies_q25,frequencies_q75,iqr,freqs_skewness,freqs_kurtosis,spectral_entropy,spectral_flatness,spectral_centroid,spectral_bandwidth,spectral_spread,spectral_rolloff,energy,rms,zcr,spectral_mean,spectral_rms,spectral_std,meanfun,minfun,maxfun,meandom,mindom,maxdom,dfrange,modindex,LABEL
740.0199877877845,5375.5508799377,4566.354146486827,9286.291096159312,9.831438937359577e-05,150.03507993273556,150.0304771938944,1.9731801448482957e-13,1.1430082272173412e-12,1.1258478621227177e-12,1.2675334086462931e-24,182.84976931878592,0.0,200.45454545454547,5059.594827586207,1.0,10983.0,10982.0,0.008695652173913,705600,0.0002303749170973,-1.300883140547535e-17,-1.61790508236164e-17,6.435181025789767e-17,5.32013833389188e-18,0.3404287141192086,-1.8887616582856376e-16,-8.865682579697906e-17,-9.19454729520047e-17,-6.01248510337096e-18,0.0743355039664669,-0.1796979068332126,6.907980990736664e-17,FAKE
921.934323609014,6112.9933556108645,4008.07971254894,9347.39646382418,0.000101041373966,150.04416755897157,150.02561031792743,1.116637823037867e-13,3.3656095073300665e-13,3.1749720200328994e-13,1.0080447327991786e-25,177.06813563946503,0.0,200.45454545454547,4527.342857142857,1.0,10811.0,10810.0,0.0096153846153846,705600,0.0007031398631908,-4.482034349785625e-17,6.600979857428179e-17,-5.629872414974626e-17,-4.2706863885762215e-17,0.3404287128653557,-7.898987799311848e-17,5.830288585086991e-19,-1.706270393729365e-17,-1.6397686645557165e-19,0.0743365033136896,-0.1796979066801952,1.3391444093871685e-17,FAKE
-36.521312581520384,5868.837226104064,5279.761318141791,9401.050938294988,0.0001097847309965,150.02779845245777,150.02545168956132,1.8045917509191545e-13,7.15516428048894e-13,6.923859075205051e-13,4.793982449329934e-25,182.0465380984377,0.0,200.45454545454547,3459.897435897436,1.0,10811.0,10810.0,0.0129870129870129,705600,-0.0023420112627163,-1.382142787702185e-16,-2.5890125248151922e-17,2.3375813295833162e-17,5.888591470937862e-17,0.3404287140315649,1.32621381870365e-16,-4.574954574110449e-17,-1.0007599258042681e-16,3.826126883963338e-19,0.0743353943270323,-0.1796979064603256,-4.344475978481229e-17,FAKE
576.0613326629466,7495.780023478093,6248.073740848837,8430.97043544853,9.986951500028842e-05,150.02291710448176,150.02761837597345,1.265423132805012e-13,6.26685973415398e-13,6.137771193399314e-13,3.767223522252244e-25,176.63127027628022,0.0,200.0,4579.307692307692,1.0,9962.0,9961.0,0.0086206896551724,640000,0.0002801123593648,7.699624862680509e-17,-1.189743264394314e-16,5.710038883019572e-17,6.36230241847618e-17,0.3473593182840523,-8.656824267142506e-17,4.3945800210093204e-17,1.8477459901768664e-16,1.9312830938100663e-18,0.0692112042556217,-0.1814493879393085,3.6967673559817203e-17,FAKE
-131.79144048908134,8157.458473279345,6352.327820793931,9308.23309133309,7.416771065525292e-05,150.03403275263673,150.03532741473998,5.959544934593282e-14,2.056566400884605e-13,1.968325075533281e-13,3.874303602973095e-26,182.84119425437467,0.0,200.45454545454547,5410.472440944882,1.0,10983.0,10982.0,0.0079365079365079,705600,-9.432482499564496e-05,-1.1514819955546809e-17,-2.9151442925434962e-18,1.2054121649667356e-16,5.218108283652858e-17,0.340428714184799,1.4661220896877714e-16,-3.2613176772830356e-17,-3.880785839448529e-17,9.146265217855218e-18,0.0743341811850136,-0.1796979067812537,2.521599813050124e-17,FAKE
819.7891661308528,6217.253102222134,4374.207771235231,9399.654511180206,8.104333852956289e-05,150.02919974823968,150.04122469897817,4.4949806486095216e-14,1.2770570708358168e-13,1.1953352048099378e-13,1.4288262518580158e-26,181.72792544510304,0.0,200.45454545454547,5261.573770491803,1.0,10983.0,10982.0,0.0082644628099173,705600,-9.772383732410064e-05,-4.321701413695733e-17,3.5601199672687437e-17,-1.0060891739640741e-16,-6.610089683342377e-17,0.3404287140287625,-6.937118436296015e-17,-8.038510386688688e-17,-2.6035882462779098e-17,-3.0609015071706706e-18,0.0743357078515562,-0.1796979062485351,4.988085179319347e-17,FAKE
846.9774874719064,5809.229090047725,4442.893169249097,8387.380199877492,7.932249200956023e-05,150.02130205571137,150.03089394897063,8.650394044393368e-14,4.934435443408667e-13,4.858020170186095e-13,2.360035997393492e-25,179.72329807416756,0.0,200.0,4452.138888888889,1.0,9962.0,9961.0,0.0093457943925233,640000,-3.057805379231771e-06,3.3888552400818136e-17,8.572346185260717e-17,-2.6491373758489018e-17,-1.069857955363463e-16,0.3473593182064663,3.031345871322629e-17,-8.559592428980839e-17,-4.0958916038475393e-17,2.8604853370583053e-18,0.0692116652820227,-0.1814493879867566,-5.588650452712879e-17,FAKE
4061.39229912545,2131.1624496215723,2155.735197768771,9159.733752258411,4.007531348417851e-06,142.62199270937464,142.61667475461954,3.935058903581941e-15,4.4604258259991146e-14,4.4430340605821694e-14,1.974055166349328e-27,150.24670304378094,0.0,200.45454545454547,4675.261682242991,1.0,10725.0,10724.0,0.0094339622641509,705600,0.0003061893944723,-7.513271501154757e-17,7.70493659046993e-18,4.967959115049268e-17,4.5079629006928536e-17,0.3404287146245852,1.888786185523635e-16,-6.133282858085516e-17,7.980934319083778e-17,3.909967822029517e-18,0.0743368824205728,-0.1796979061881287,3.998133763114496e-17,FAKE
11870.233605988728,-2691.094401387604,15241.517768062511,9330.1410836984,4.280288108214773e-07,142.5957216740245,142.6137374058256,1.1562853291277426e-18,3.764611893323742e-18,3.5826396616180256e-18,1.283530694499852e-35,141.0814855527034,0.0,200.45454545454547,5248.330578512397,1.0,10811.0,10810.0,0.0083333333333333,705600,0.0001538127447515,1.5440539595230287e-16,-4.470396543187081e-16,7.03794207965313e-17,-3.020641807607117e-17,0.3404287145787334,6.929637628706841e-17,1.3339890216335997e-17,-1.0886577073101789e-17,-6.7466111438940685e-18,0.0743352817462699,-0.1796979061887641,-3.595637075552634e-17,FAKE
-3415.4693542356813,42.99310471648239,6518.521226649253,9363.315316566826,7.8727247071411e-07,142.60435214625852,142.61146591873518,1.015822511176912e-17,8.904534609763821e-17,8.846402728921398e-17,7.825884124226795e-33,147.4529532063036,0.0,200.45454545454547,4939.648648648648,1.0,10725.0,10724.0,0.009090909090909,705600,-0.0014037264565075,-3.35797236480182e-17,5.171124109723351e-17,-8.663262037045792e-18,-5.657953436583888e-17,0.340428714578938,-6.132422680271542e-18,-4.032633479191227e-17,6.899943215346205e-19,-6.420780492058276e-19,0.074335449764583,-0.1796979061895673,1.2166899869727142e-16,FAKE
7272.406014341345,2469.166443207802,2497.856395755545,9359.215386900776,3.744963844306473e-06,142.61441440900686,142.61364628548296,2.0371766427111488e-15,2.1789802910556024e-14,2.1694363835044054e-14,4.706454222072676e-28,153.82419992600273,0.0,200.45454545454547,5153.35,1.0,10811.0,10810.0,0.0084033613445378,705600,0.0003124359949742,-1.63451988167979e-16,7.819935644059032e-17,9.245923908563916e-17,5.0982913757835845e-17,0.3404287145761916,2.8209144329249094e-17,4.6612949721449917e-17,-5.190290618654868e-17,-2.0163167395956134e-17,0.074335240677934,-0.1796979062082537,-1.7786520288447997e-17,FAKE
33940.73358928044,8873.152108942735,8812.432956734596,9427.560187476518,1.669367235452834e-06,142.60169949043,142.61165366911575,3.0490707420450043e-16,2.601109355031554e-15,2.583176639901484e-15,6.672801552932721e-30,141.3756000669188,0.0,200.45454545454547,5216.421487603306,1.0,10983.0,10982.0,0.0083333333333333,705600,-6.4058022252883856e-06,2.7906437004289095e-17,2.146649000329931e-17,2.407313521798565e-17,-5.772952490172991e-17,0.3404287145765337,-7.174934535917705e-17,6.041283615214232e-17,-5.765285886600385e-17,2.482062906631482e-18,0.0743354025583077,-0.1796979061882063,-8.548262983456689e-18,FAKE
-64292.528626290376,8881.815659524469,8717.771297519648,9365.068341514168,2.3647342470932467e-06,142.60657791064642,142.6274596626064,1.4565579134495854e-16,1.4519549900292689e-15,1.4446306391318746e-15,2.0869576835185687e-30,155.74795693484808,0.0,200.45454545454547,5279.487804878048,1.0,10897.0,10896.0,0.0081967213114754,705600,-3.728005214716515e-05,-7.114608115379199e-17,5.74995267945517e-17,-4.323964414950289e-17,9.58325446575862e-18,0.3404287145813742,1.8581240721222767e-16,4.492629693547641e-17,-1.3914885484281518e-17,5.749952679455171e-19,0.0743355298192876,-0.1796979061884981,4.7302944042984536e-17,FAKE
4547.798128733338,1982.107752227684,1988.7206062769155,9386.49190034892,3.0637210695783063e-06,142.61182767301082,142.62030723662545,3.136866214372736e-15,3.561130040841106e-14,3.547287396210271e-14,1.2583247871312244e-27,154.37670597549442,0.0,200.45454545454547,5031.630630630631,1.0,10725.0,10724.0,0.009090909090909,705600,-8.531231072768387e-05,-9.813252572936826e-18,-6.002950597351198e-17,-6.815610576047529e-17,-1.1760569880378975e-16,0.3404287145818998,1.0670415463672484e-16,3.066641429042758e-19,-2.859643132582372e-17,2.031649946740827e-18,0.0743357935505968,-0.1796979061908822,1.3723220394966342e-17,FAKE
73.05844386128237,2745.6528823573044,651.8195633185661,8762.558107567718,0.0006407486334464,19.903501713853835,19.90440525045018,5.037243073093707e-12,1.546722207388087e-11,1.4623991962023128e-11,2.138611409053171e-22,173.06016532122706,73.01324503311258,200.45454545454547,3728.8860759493673,1.0,10897.0,10896.0,0.0128205128205128,705604,0.0003531456250748,5.3921218924985575e-17,1.5130954290174526e-17,-3.521385725713344e-17,-1.870736166785214e-17,0.3404287145648733,1.758922210071901e-17,-1.0454113873211493e-17,-1.870736166785214e-17,-1.10043303928542e-18,0.0743359214427283,-0.1796979061840869,1.6231387329459945e-17,FAKE
313.59265977869376,4591.063414565988,2605.2613635775288,8802.78883319227,0.0005885877115228,19.89730756860815,19.9085620113382,3.817535259714673e-12,1.0885450416608886e-11,1.0194089234124143e-11,1.039194553132858e-22,166.7090941800098,71.94127243066885,200.45454545454547,4650.733333333334,1.0,10983.0,10982.0,0.0096153846153846,705604,0.0002443633135579,-5.5021651964271e-19,2.6823055332582117e-17,1.65064955892813e-17,9.35368083392607e-18,0.3404287143685157,-3.078113867625827e-17,2.7510825982135505e-17,-4.883171611829052e-17,-8.253247794640652e-19,0.0743358525293709,-0.1796979060926205,-5.705057538045351e-17,FAKE
88.46470690128304,4735.9389466187085,2340.5037228993774,9392.608279087694,0.000528335173057,19.898111204853954,19.9004846323986,3.758252649033156e-12,1.1101954069282069e-11,1.0446478889199171e-11,1.09128921182484e-22,176.52005456714875,0.0,200.45454545454547,3854.4942528735633,1.0,10897.0,10896.0,0.0116279069767441,705604,-0.0023428919712963,6.602598235712521e-18,-2.2971539695083145e-17,2.255887730535111e-17,1.953268644731621e-17,0.3404287143771106,8.794611050359506e-18,3.30129911785626e-17,1.2930088211603687e-17,1.375541299106775e-19,0.0743356191614741,-0.1796979061137956,-6.575087409730385e-17,FAKE
114.17112929800751,4439.626599932918,2289.7921684859566,9051.087685558356,0.0005551375006017,19.894785475759907,19.901334315298676,4.06021509912246e-12,1.1419087126277209e-11,1.0672872347515822e-11,1.139102041463679e-22,171.05957534625276,0.0,200.45454545454547,4781.698113207547,1.0,10983.0,10982.0,0.0095238095238095,705604,0.0003500610764396,3.026190858034905e-18,-3.989069767409648e-17,3.85151563749897e-18,1.9257578187494848e-17,0.340428714574357,-4.3973055251797524e-17,2.833615076159957e-17,2.4759743383921955e-17,-1.10043303928542e-18,0.0743347789154962,-0.1796979062152871,5.553747995143604e-18,FAKE
201.88477144900156,7770.473232118776,4717.554597311941,8867.494089427531,0.00071084655855,19.90358474853293,19.900345750219,5.2374490870243145e-12,1.4031572424154606e-11,1.3017455655969186e-11,1.6945415175512417e-22,161.27886184676905,0.0,200.45454545454547,4321.585858585859,1.0,10983.0,10982.0,0.010204081632653,705604,3.738997390075823e-05,2.861125902142092e-17,-1.3342750601335717e-17,-2.7510825982135498e-18,-4.40173215714168e-18,0.340428714209421,7.475419392805581e-17,4.236667201248867e-17,4.511775461070222e-17,4.264178027231002e-18,0.0743366731504881,-0.1796979060270615,-2.613528468302873e-18,FAKE
-555.8479062442822,2207.73310688129,2870.123130923999,8486.258871572327,0.0007819911281385,19.90235008926373,19.921891753287635,4.66003078991137e-12,1.083979450603665e-11,9.786994327687146e-12,9.57852579701804e-23,185.8783951949068,0.0,200.45454545454547,4921.873873873874,1.0,10983.0,10982.0,0.009090909090909,705604,-2.128230169662177e-05,-1.8157145148209432e-17,-5.2270569366057453e-17,-8.253247794640649e-18,1.3205196471425041e-17,0.3404287140614042,-2.6383833151078518e-17,4.0716022453560535e-17,-5.0482365677218643e-17,-1.2414260224438645e-17,0.074336334343328,-0.1796979059616134,5.247690056092347e-17,FAKE
65.3692999824567,3178.023202992781,2200.4533527521926,8693.922928760494,0.0006172534929202,19.894250912610325,19.90762319080733,4.347825730256628e-12,1.197369032957074e-11,1.1156418400534028e-11,1.2446567152777425e-22,176.32152659710545,0.0,200.45454545454547,4335.6373626373625,1.0,10811.0,10810.0,0.0111111111111111,705604,-2.550205790519444e-06,2.530995990356466e-17,-2.0908227746422985e-17,4.3467105051774085e-17,9.90389735356878e-18,0.3404287144845623,4.397305525179752e-18,-3.328809943838396e-17,-1.0591668003122169e-17,1.994534883704824e-18,0.0743356439177198,-0.1796979061490883,1.994534883704824e-18,FAKE
-637.2172380394001,2367.2521624766955,5575.105870154788,9108.524989936144,0.0004856475587666,150.01980140226715,150.03286660864964,1.902347089556483e-12,7.538400652022326e-12,7.294419780987834e-12,5.320855994126661e-23,165.90679941056956,0.0,200.45454545454547,4351.534653465346,1.0,10296.0,10295.0,0.01,705600,0.0004188459988894,-2.3758425984229488e-17,-5.465895548519054e-19,-4.79723432641689e-17,3.5655858628172626e-17,0.3404287135609166,-4.25554324243369e-17,1.7254010281491818e-17,5.685897844346947e-17,-5.393016941205467e-18,0.0743359325144248,-0.1796979059245597,2.092982503787088e-17,FAKE
-408.8516728410027,584.5408680930027,11950.583600347283,9206.20596775117,0.0009146288065773,150.02258739534284,150.03420228463196,5.799304333337418e-12,1.3433690961926342e-11,1.2117430507738649e-11,1.4683212210987534e-22,164.54838916445755,0.0,200.45454545454547,5090.9152542372885,1.0,10983.0,10982.0,0.0085470085470085,705600,0.000313722700723,-6.704831872850039e-18,3.8243049187804977e-17,-4.472924523871426e-18,-1.6033293608989228e-18,0.3404287135053266,-1.265003950148097e-16,1.8292530435710442e-17,8.38103984106255e-19,7.360739338672327e-18,0.0743360818145271,-0.1796979058341056,-2.4724067531134524e-17,FAKE
840.5856504280005,10883.717811642013,9329.712583371356,9221.607717766909,0.0008753862920391,150.02668717543006,150.0287664872396,1.2919399054180586e-11,9.80867577612935e-11,9.723220236218815e-11,9.454101176201508e-21,173.94385676369726,0.0,200.45454545454547,5034.683760683761,1.0,10811.0,10810.0,0.0086206896551724,705600,0.0006937738800625,-5.356577637548675e-18,3.128314218935739e-17,-1.61790508236164e-17,-1.3938033648723588e-17,0.3404287123643852,-4.925937040899272e-17,-1.96772239746686e-17,-5.727803043552259e-18,4.226959224188069e-18,0.0743360790849098,-0.1796979057211056,7.34251968684393e-18,FAKE
122.94466304924543,3598.224087509241,7358.146243402866,8999.300960023062,0.0006618770026819,150.01821512261316,150.02756915637087,2.81784698531258e-12,6.807903868056191e-12,6.197361813228209e-12,3.840729344405923e-23,170.11720485625764,0.0,200.45454545454547,4555.066037735849,1.0,10811.0,10810.0,0.0095238095238095,705600,0.0004254830934923,5.343823881268796e-17,-1.4484623203575494e-18,-7.852669938039044e-18,1.4247767729806335e-17,0.3404287139543598,1.0901186114179452e-16,8.563236359346519e-19,-8.699883748059495e-18,-1.0458080149499793e-17,0.074335531030473,-0.1796979060930529,-2.6464044280746426e-17,FAKE
20.61977431191441,2442.1707005586754,1981.01168513324,9176.713453787308,0.000215378857945,150.0077646531505,150.02375104835156,7.899109097825596e-13,4.538128790562219e-12,4.468853731588918e-12,1.9970653674336198e-23,158.2940919983393,0.0,200.45454545454547,3883.087912087912,1.0,9696.0,9695.0,0.0111111111111111,705600,0.0001335147722147,-2.058820656608844e-17,1.1013779530265897e-17,-1.15603690851178e-17,1.27264268021352e-17,0.3404287144329979,8.103020694497027e-17,7.269641079530342e-18,1.0084577287017657e-17,-3.1793292440552506e-18,0.0743353781573454,-0.1796979061474528,4.3954910036007394e-18,FAKE
-41.82879133815725,1323.1720457357703,7824.759641769454,9213.993952576666,0.0003933482524982,150.0081276045122,150.04929569081892,1.3108665246038266e-12,4.516303875829205e-12,4.321878023903843e-12,1.867862965350299e-23,176.4646132705105,0.0,200.45454545454547,5278.09756097561,1.0,10983.0,10982.0,0.0081967213114754,705600,0.0001036907469964,4.2925499707702967e-17,-2.2171038818680414e-17,7.442727771900113e-18,5.311028507977682e-18,0.340428714495179,-1.200879325947041e-16,-1.7673062273544944e-17,-4.700670171726387e-18,-9.565317209908348e-19,0.0743353029362512,-0.1796979061810492,-2.4550980838764756e-17,FAKE
72.65832926691385,3061.5745802211795,8838.59727898775,9300.764342295188,0.0008042994501694,150.01702456840414,150.03296397778416,3.705587957884892e-12,8.363144648607942e-12,7.497386631348162e-12,5.621080629991814e-23,168.8589237112066,0.0,200.45454545454547,4941.619047619048,1.0,10983.0,10982.0,0.0096153846153846,705600,9.059218034001796e-05,-8.927629395914455e-18,-2.568970907803956e-18,4.090311835475093e-17,-1.9157963897559285e-17,0.340428713862794,-8.423643815502304e-17,-1.8893778946047528e-17,2.377664563605789e-17,-1.4940114499285418e-17,0.0743357332467688,-0.1796979059912941,-1.2671767846650009e-17,FAKE
2946.028373668587,6597.782611073136,4882.954062723083,8912.947262790822,6.52171985990091e-05,150.0173818444321,150.03800853404587,3.3653581603255086e-14,9.003399800774932e-14,8.35078274327171e-14,6.973557242532458e-27,179.7242471949138,0.0,200.0,3954.8823529411766,1.0,8561.0,8560.0,0.0099009900990099,640000,0.0002900988527933,1.954786444668698e-16,-1.098280612215762e-16,6.5590746582228665e-18,9.175416660780651e-17,0.3473593185047492,-1.110521900936463e-16,1.197395518162241e-16,9.94246400275616e-17,-6.121803014341341e-18,0.069211748450354,-0.1814493878851492,1.4648600070031066e-17,FAKE
-2158.068691897165,3395.8914627113577,3519.7376419942616,9709.53049905826,7.271961362529663e-05,150.02130540742158,150.03397850226892,4.8590533847918324e-14,1.3474490555889817e-13,1.256787555414625e-13,1.5795149594450682e-26,176.12757228983108,0.0,200.45454545454547,4692.614678899083,1.0,10897.0,10896.0,0.0092592592592592,705600,0.0001756043922153,1.1077548311665284e-16,-5.95782614788577e-17,-5.976045799714166e-18,4.955745297323943e-18,0.3404287146256601,-2.221043801872926e-16,2.325556359376574e-16,-3.3524159364250197e-18,-1.554136300962251e-17,0.0743356957589302,-0.1796979062101079,-7.255976340659044e-17,FAKE
-4068.6231337786407,7308.047617524994,3154.812914192879,9629.500440075057,0.0001280254381348,150.0281569045751,150.0283518137596,1.4089685043347612e-13,3.176796260373644e-13,2.8472516983429184e-13,8.106842233716635e-26,179.87179931556324,0.0,200.45454545454547,4831.45045045045,1.0,10897.0,10896.0,0.009090909090909,705600,0.0004994565241461,2.4071803995677915e-16,-6.395097791767294e-17,1.37594810608053e-16,-1.7199351326006626e-17,0.3404287146572705,2.3347192720475246e-16,-4.933881715129867e-17,-1.0786033882410936e-16,1.1296184133606049e-18,0.0743361358230263,-0.1796979062214867,-1.8267022923150682e-16,FAKE
1800.9844200288512,2630.312810340943,359.28300640892417,9594.686550891764,0.000123628181126,150.0209958566155,150.02590127308997,1.6122672279760634e-13,4.936286380194881e-13,4.665567233776818e-13,2.1767517612891867e-25,168.66033555819178,0.0,200.45454545454547,3413.692307692308,1.0,9352.0,9351.0,0.0129870129870129,705600,-0.0020414066617451,-9.791240892580465e-17,6.489612235627102e-17,7.491920831836784e-17,-2.2045778712360188e-18,0.3404287146027188,-3.223719743925796e-16,-1.872980207959196e-17,8.346877993884307e-17,-1.9495027456384633e-18,0.0743353423924144,-0.1796979062101,-2.6965084706027336e-17,FAKE
3660.589654960017,7928.123919367283,4297.21614902162,9395.580708751184,9.49468816337926e-05,150.0223645916718,150.03138417905043,6.12365141787391e-14,1.1727755815223814e-13,1.0002057277074893e-13,1.0004114977388684e-26,175.042025313055,0.0,200.45454545454547,5366.936507936508,1.0,10983.0,10982.0,0.008,705600,4.150553247014952e-06,-1.9103304942074096e-17,1.243217942510659e-16,1.3110861455714372e-16,-6.370501261798958e-17,0.340428714592025,-9.706136299523415e-17,-1.3271194391804264e-16,-6.06350012849047e-17,1.648878490469915e-18,0.0743350813013706,-0.1796979062188074,-2.493359352716109e-17,FAKE
-3435.766759282177,7372.526052924566,425.8940023533041,9586.918758188747,9.577760838215297e-05,150.01902549722445,150.05217052284883,5.67806973168533e-14,1.0581549374544937e-13,8.92909353115148e-14,7.972871128805122e-27,184.3048211118984,0.0,200.45454545454547,5271.8130081300815,1.0,10983.0,10982.0,0.0081967213114754,705600,-9.010091537971526e-05,2.202027119980043e-16,9.454177333755123e-17,-2.587190559632353e-17,-1.809211426559807e-17,0.3404287146176463,-1.9237387260316682e-17,8.475782030570215e-17,-1.0574685921201531e-16,-5.8302885850869925e-18,0.0743355970267879,-0.1796979062020323,6.469798364263722e-17,FAKE
-3596.445198259818,4755.979540279657,4073.332460747515,8766.415202616792,8.132764956897942e-05,150.0132385759525,150.0312565775106,4.525390206574722e-14,1.0979599095058588e-13,1.0003621332619957e-13,1.0007243976644903e-26,179.0661057619421,0.0,200.0,4635.3185840707965,1.0,9962.0,9961.0,0.0089285714285714,640000,8.773720550537109e-05,1.369389031422307e-16,8.417479144719344e-18,-2.4195697628111016e-17,9.8386119873343e-18,0.3473593185055345,-8.248758476772151e-17,-8.545016707518122e-18,2.052261581950621e-16,-8.909409744086058e-18,0.0692118292811405,-0.181449387872081,-1.3865155041410003e-17,FAKE
476.8135035826867,5526.241566893741,4398.978196486686,9165.988198162462,0.0003109690338307,23.44409416684812,23.46443991198652,7.303325741038134e-13,1.7739821639186674e-12,1.6166715959354438e-12,2.6136270491044552e-24,168.31010754326977,0.0,200.45454545454547,3750.352941176471,1.0,8923.0,8922.0,0.0119047619047619,705603,0.0002733744948907,-1.6805011693991906e-17,1.5404594052825918e-17,-5.228225860353038e-17,-2.147307049787855e-17,0.3404287145808647,-4.477512377959032e-17,-1.8672235215546563e-18,1.8672235215546565e-17,0.0,0.0743363814924422,-0.1796979061970348,-2.9992277814971666e-17,FAKE
-3604.827554043117,8780.938749293622,4429.6682982284265,9279.48448154121,0.0002981733391256,23.446907888621265,23.46383243111049,6.478733303684615e-13,1.4241822720981317e-12,1.2682883315539393e-12,1.6085552919558747e-24,168.2531686724178,0.0,200.45454545454547,4443.95,1.0,10897.0,10896.0,0.0101010101010101,705603,0.0001683902503545,3.3610023387983806e-17,-8.86931172738462e-18,-7.468894086218625e-18,-2.614112930176519e-17,0.3404287145728175,3.7312603149658586e-17,-4.668058803886641e-18,-3.687766455070447e-17,-1.2370355830299598e-17,0.0743360614453798,-0.1796979062059508,1.7505220514574906e-17,FAKE
-716.0199734300755,6531.052810301599,4955.851296149978,9286.585342576633,0.0005084090817568,23.450381126902663,23.45664493400732,1.6975749880526549e-12,3.851993188194908e-12,3.4577580426973197e-12,1.1956090681837997e-23,179.30448816623155,0.0,200.45454545454547,4256.968421052631,1.0,10725.0,10724.0,0.0106382978723404,705603,0.0005472374341171,-1.8672235215546563e-18,1.4704385232242918e-17,-1.3070564650882597e-17,5.601670564663969e-18,0.3404287145847569,-2.985008251972688e-17,-7.93569996660729e-18,-4.668058803886641e-19,8.402505846995953e-18,0.0743360147327313,-0.1796979062107307,-1.3187266120979761e-17,FAKE
-541.9375052806026,7013.878360739086,4866.425462010797,9471.081691350477,0.0002474077834358,23.44682614622917,23.453144280482064,6.312220383720308e-13,1.7211608047762757e-12,1.6012349153611334e-12,2.5639532541715755e-24,173.81809943310392,0.0,200.45454545454547,3257.301369863014,1.0,9524.0,9523.0,0.0138888888888888,705603,-0.0023020795972351,1.1203341129327938e-17,2.4273905780210528e-17,-2.2406682258655882e-17,2.8008352823319845e-18,0.3404287145702143,7.462520629931719e-18,-3.7344470431093134e-18,1.4004176411659918e-17,6.301879385246965e-18,0.0743357064018109,-0.1796979062150447,2.9992277814971666e-17,FAKE
-198.44017720078537,4212.771639399258,2191.1129472547354,9491.50521178644,0.0002365005426535,23.441656458108312,23.457552038770903,6.107877028100723e-13,1.6412313509722016e-12,1.5233445865955712e-12,2.3205787295100322e-24,168.55895786815654,0.0,200.45454545454547,4023.6739130434794,1.0,9181.0,9180.0,0.0109890109890109,705603,0.0002799826230753,-8.029061142685021e-17,-4.107891747420244e-17,1.8672235215546563e-18,9.336117607773282e-18,0.3404287145638318,-5.2237644409522024e-17,-1.8672235215546565e-17,-2.614112930176519e-17,7.93569996660729e-18,0.0743353277475172,-0.1796979062192364,-1.0386430838647776e-17,FAKE
-1220.6346875056738,5677.318002405864,3061.155994443994,9393.890803067094,0.0004031173041717,23.44622082076038,23.48286156677394,9.469242050439953e-13,1.6951062742705645e-12,1.4059586875058709e-12,1.9767198309732304e-24,182.521368196439,0.0,200.45454545454547,4768.611111111111,1.0,10897.0,10896.0,0.0093457943925233,705603,-8.368015357974506e-05,-5.601670564663969e-18,-2.0772861677295556e-17,-1.9605846976323888e-17,1.773862345476924e-17,0.3404287145637239,-1.4925041259863438e-17,2.8008352823319845e-18,5.835073504858301e-18,-5.4849690945668036e-18,0.0743357375796529,-0.1796979062021658,-7.002088205829959e-18,FAKE
-443.0563075734051,10670.17276743358,6287.568337280872,9320.450083721043,0.0004908230361621,23.43916303146381,23.461172102752467,1.2478220623659489e-12,1.9267081166828125e-12,1.4680409624953316e-12,2.1551442675642194e-24,169.57589629582472,0.0,200.45454545454547,4333.266666666666,1.0,10382.0,10381.0,0.0112359550561797,705603,-3.861268804384558e-05,1.3070564650882597e-17,-3.7344470431093134e-18,-5.9751152689749e-17,-1.1203341129327938e-17,0.3404287145568525,2.238756188979516e-17,5.601670564663969e-18,7.002088205829959e-18,7.702297026412959e-18,0.0743357028716883,-0.1796979062027893,4.668058803886641e-19,FAKE
23714.954382444463,-7038.918264726729,7441.889403205741,9498.252812113058,6.075427099711018e-06,150.0239313673497,150.04997433226077,3.257657441044867e-15,3.6292570609017886e-14,3.614606962599605e-14,1.306538349407354e-27,171.31333283831725,0.0,200.45454545454547,5329.56,1.0,10897.0,10896.0,0.0080645161290322,705600,0.0002754560440305,-3.2139465825292043e-17,3.629354644216653e-17,1.7490865755260976e-18,-9.474218950766362e-18,0.340428714317781,2.9147556455025277e-18,6.8177937141861e-17,-5.0541314171972855e-17,-5.976045799714166e-18,0.074336631081697,-0.1796979060782736,4.7621614966472274e-18,FAKE
276.70109195291195,2463.8594156017166,5609.091058944292,9600.192992754392,5.167550404640974e-07,150.00334104483926,150.05920537378086,5.117423063417621e-18,4.681483256719622e-17,4.653429412255672e-17,2.165440529484617e-33,174.1172696731885,0.0,200.45454545454547,5491.542635658915,1.0,10983.0,10982.0,0.0078125,705600,2.029319757416856e-05,3.192083000335128e-17,5.0869267904884003e-17,9.674635120878729e-18,-3.06363445494493e-17,0.3404287145889562,1.807148500211567e-17,8.195199392412903e-17,-1.8219651828396848e-20,-1.4029131907865578e-17,0.0743352567350554,-0.1796979062027202,-1.0344207325572313e-17,FAKE
289.9298800749697,2320.836702555021,10431.076594559723,9566.70978113005,4.78477488467163e-07,150.0032379030833,150.05488417444144,1.5314806046356462e-18,6.04265616106018e-18,5.845362318832202e-18,3.4168260638423386e-35,182.78178084878692,0.0,200.45454545454547,5491.542635658915,1.0,10983.0,10982.0,0.0078125,705600,7.943065640427177e-05,4.780836639771333e-17,-2.361266876960232e-17,-1.2972392101818556e-16,1.0933613062220948e-16,0.3404287145967389,-3.585149443968109e-17,6.832369435648818e-17,-3.7714679284781484e-18,-7.287860731358741e-19,0.0743352517801172,-0.1796979062040881,-2.823135050810092e-17,FAKE
-1275.6906081856466,3425.9976229302247,5293.429002592949,9783.003958932975,4.951759896963052e-07,150.0024327340337,150.05076913103304,4.5144117847652616e-18,4.1304590044367996e-17,4.1057146088968194e-17,1.6856892449708765e-33,178.4342955597965,0.0,200.45454545454547,5491.542635658915,1.0,10983.0,10982.0,0.0078125,705600,-0.0003744974668334,-2.696508470602733e-18,2.0406010047804467e-17,-1.3493474144110707e-16,3.615689905345355e-17,0.3404287145944367,-1.8654436131216176e-17,-2.0989038906313168e-17,9.42183745175972e-17,1.3136368968274128e-17,0.0743352380238423,-0.1796979062056295,5.94962730456299e-17,FAKE
6777.622830168667,1729.3039114909795,1859.1697910854875,9410.505691048593,3.2556037810424498e-06,150.01871134745502,150.04042810994702,1.1953811652508153e-15,1.3359261848543206e-14,1.3305673263976747e-14,1.7704094100770567e-28,170.7372337540816,0.0,200.45454545454547,5304.032258064516,1.0,10897.0,10896.0,0.008130081300813,705600,0.0002781101702562,1.2343814113738865e-17,-5.768341768870441e-17,5.311028507977682e-18,-5.4804712699817716e-17,0.3404287144477808,-9.73528385597844e-17,-1.820143217656845e-17,-5.465895548519055e-17,1.162413786651719e-17,0.0743353817083708,-0.1796979062873576,-2.509757039361666e-18,FAKE
655.9387734150348,1888.0361727072573,1761.9664901303022,9455.222397852029,1.9625944011975734e-06,150.0033386974015,150.0552530344343,1.2248340701027212e-16,8.350126077115082e-16,8.259805506453098e-16,6.8224387004432905e-31,174.03979107821425,0.0,200.45454545454547,5491.542635658915,1.0,10983.0,10982.0,0.0078125,705600,-1.5516654524222885e-05,-2.988022899857083e-17,2.532531604147162e-17,-1.0625700946321041e-16,-6.795930131992024e-18,0.3404287145905181,-1.104692389645458e-16,-7.849026007673362e-17,7.75246185298286e-18,-1.3664738871297636e-19,0.0743352552358876,-0.1796979062071441,9.923333368336343e-17,FAKE
17685.253213807522,-3510.8869055224404,3557.567237979147,9476.977657612157,3.975294542179517e-06,150.01704497917737,150.04648402255134,3.17263462372242e-15,3.5872547675259733e-14,3.57319754038052e-14,1.27677406625814e-27,172.76665173282788,0.0,200.45454545454547,5393.392,1.0,10983.0,10982.0,0.0080645161290322,705600,-2.999410016556536e-05,-2.7110841920654512e-17,-1.6069732912646022e-17,6.956263068081917e-17,-1.9458588152727836e-17,0.340428714365369,8.744266936507582e-18,6.954441102899077e-17,5.018603096131912e-17,-2.66006916694594e-18,0.0743356732344198,-0.1796979061945029,9.738403902278116e-18,FAKE
113.4392234289603,6128.208761000514,3755.577725993759,9212.94129217513,0.0002740383348788,150.0278237876071,150.0333618056897,6.677895034282402e-13,1.9525446001281e-12,1.8347990610964632e-12,3.3664875946004636e-24,175.33801474724035,0.0,200.45454545454547,4585.811320754717,1.0,10639.0,10638.0,0.0095238095238095,705600,0.0002831459051176,3.2649616076487147e-17,-5.0067603224434536e-17,5.757409977773405e-17,-9.182704521512012e-18,0.3404287146092131,-1.7342796090740036e-16,1.1150426918978872e-17,-1.2358389835201582e-16,3.3524159364250197e-18,0.0743358726337253,-0.1796979062451305,-2.6946865054198938e-17,FAKE
-3.8943981721961385,2964.2394295042027,826.0981157817637,9350.933923429717,0.0001756346976293,150.01369885735784,150.03978593074638,3.703711388124041e-13,1.2343905850816857e-12,1.177516596941678e-12,1.38654533607311e-24,171.29175563769587,0.0,200.45454545454547,5462.71875,1.0,10983.0,10982.0,0.0078740157480314,705600,9.552404471445697e-05,7.069224909417977e-18,4.500254001614021e-17,3.4252945437386075e-17,2.4778726486619716e-17,0.3404287145934798,-9.822726525343516e-17,6.88338446076833e-17,-8.61789531483171e-18,-1.8073894613769678e-17,0.0743354323884866,-0.1796979062262434,1.3610079915812445e-17,FAKE
81.91989535469855,3832.925989195037,974.051494581271,9405.60901790937,0.0003759624170212,150.03627668079483,150.03303714985557,1.27902242230605e-12,2.854147354589423e-12,2.5515208729203384e-12,6.510258764948165e-24,183.56000349638103,85.96491228070175,200.45454545454547,4842.27027027027,1.0,10897.0,10896.0,0.009090909090909,705600,0.0006245185765549,-1.85111662576512e-17,1.3482542353013668e-17,-2.434145484273819e-17,-2.1134796120940344e-17,0.3404287147128815,1.0318234985078948e-16,3.960952307493475e-17,-1.6288368734586782e-17,1.3555420960327256e-17,0.0743366879273666,-0.1796979062546392,-3.0845870545475865e-17,FAKE
-68.22302449234434,2221.883977668124,295.09616024592054,9379.191547258615,0.000229026124734,150.0242971704907,150.02901425716743,6.300405284357317e-13,1.8036579994650297e-12,1.6900387899579757e-12,2.856231111562618e-24,175.9757066203533,0.0,200.45454545454547,3671.5625,1.0,10639.0,10638.0,0.0126582278481012,705600,-0.002186823460124,5.1743811192647046e-17,8.49764561276429e-17,-7.389890781597762e-17,8.978644421033967e-17,0.340428714604779,-2.040328951851769e-18,-4.9193059936671487e-17,-7.287860731358741e-19,9.747513728192315e-18,0.0743356125184595,-0.1796979062370298,3.3298691172873786e-17,FAKE
72.01632552451595,4557.297166373744,2552.5480260654663,9276.880065191564,0.0002306731663448,150.01824415513315,150.0295864258177,7.119461761786377e-13,2.599043062277097e-12,2.4996314691960747e-12,6.2481574817953245e-24,172.68844714934275,0.0,200.45454545454547,5097.882352941177,1.0,10897.0,10896.0,0.0084745762711864,705600,0.0002644092135959,7.287860731358739e-18,-2.404994041348384e-18,3.7896875803065454e-18,5.888591470937862e-17,0.3404287145907327,-8.336201146137228e-17,-1.2680877672564208e-17,-1.093179109703811e-19,8.38103984106255e-19,0.0743351048430443,-0.1796979062352656,-5.209909440330079e-17,FAKE
102.07556177166308,4674.71090822642,3158.203284370896,9376.245499901495,0.0002887944278125,150.0281318722869,150.03438998565994,1.4911924780928597e-12,8.250065089404128e-12,8.11418011709649e-12,6.583991897268399e-23,176.53297750845906,0.0,200.45454545454547,5491.542635658915,1.0,10983.0,10982.0,0.0078125,705600,-3.489365581301965e-05,-6.464332468715202e-17,1.545026475048053e-17,1.450284285540389e-17,1.428420703346313e-17,0.3404287146049766,-1.2125383485290515e-16,1.5231628928539766e-17,4.286173092630359e-18,-1.2425802546966649e-17,0.074335741106937,-0.1796979062373002,4.298015866318817e-17,FAKE
69.17027170972756,4041.824236492464,883.0265759273315,9330.61897944728,0.0001386593484577,150.0140377807591,150.04844283242682,2.363112794270524e-13,1.0473225567291029e-12,1.0203144206807697e-12,1.0410415170491343e-24,183.39025529459352,0.0,200.45454545454547,5344.1612903225805,1.0,10983.0,10982.0,0.008130081300813,705600,-4.811839754619296e-05,3.8625661876201326e-18,-5.848508236915389e-17,-8.745432877630487e-18,3.964596237859154e-17,0.3404287145924612,-1.7488533873015164e-18,5.9396064960573736e-18,7.881821380964477e-17,7.470057249642707e-18,0.0743353249725102,-0.1796979062261984,-2.6780610731264817e-17,FAKE
110.80630233805132,6621.56604502354,4213.464754196258,9711.656699427012,0.0004030286437964,150.0185428282224,150.02398727909008,2.9922033285148136e-12,1.1861246254973007e-11,1.1477625275375392e-11,1.317358819619361e-22,185.26155818655783,88.72458410351202,200.0,3999.428571428572,1.0,9899.0,9898.0,0.0120481927710843,768000,-8.76497790957149e-06,7.460947423728509e-17,-7.346163617209611e-17,-1.3555420960327254e-16,6.271204159334195e-17,0.3385155164131052,1.597286093735385e-16,-1.1186866222635665e-17,5.810246968075754e-17,1.625192943092999e-17,0.0765402434634871,-0.180370562984164,-1.4830796588315036e-17,REAL
15769.476808135092,3332.773539212156,7035.949458060964,9534.02476656624,4.412869831112308e-07,142.61432656817007,142.61366105146635,2.5746666366299905e-18,2.0520117883099078e-17,2.035795494755077e-17,4.144463296465069e-34,141.8201553869414,0.0,200.45454545454547,4926.773913043478,1.0,10725.0,10724.0,0.0087719298245614,705600,3.46763860059122e-05,-2.6219784218315577e-17,5.9416177687703446e-18,-1.0254082278361721e-16,-2.2309816396286066e-17,0.3404287145782781,-1.5576353607889715e-16,-9.475922015742124e-17,1.797818537776317e-17,-1.1729903466088549e-17,0.0743357998009283,-0.1796979061868078,5.71545296337844e-17,REAL
-21.12342899412913,3009.8004723131007,1248.0306836824925,9066.73940152881,0.0007049410592096,19.885827190199244,19.909392357123192,5.720671523393039e-12,1.4425852564749696e-11,1.3243078929815956e-11,1.7537913954133538e-22,185.22743314812837,90.0,200.45454545454547,5356.524590163935,1.0,10983.0,10982.0,0.0082644628099173,705604,0.0001002065950851,-4.099113071338189e-17,-1.375541299106775e-18,1.925757818749485e-18,2.8061042501778207e-17,0.3404287145491714,7.915149945323553e-17,-2.888636728124228e-18,3.218766639909854e-17,-1.2104763432139619e-17,0.0743353070886288,-0.1796979061749004,7.771808339953279e-18,REAL
1.109974533211397,3254.563516019922,2253.914595170401,9541.421225293698,0.000671618973724,150.07162848760206,150.04684549258715,1.4160995619061867e-11,1.0214743616594104e-10,1.0116108401135244e-10,1.0233564918351907e-20,180.5425982864488,0.0,200.45454545454547,2788.909090909091,1.0,5577.0,5576.0,0.0153846153846153,705600,-8.062191215485798e-06,-1.84707248302104e-17,-2.459120169702568e-17,1.0747265926848259e-17,1.8798607519504077e-17,0.3404287114166215,7.984700623193116e-17,-3.850800028704614e-17,1.468185819837237e-17,-3.4609839425443552e-18,0.0743364847634943,-0.1796979057563668,-2.1048247082157905e-17,REAL
9.87984082776277,4667.58881848511,2063.2531246436297,9954.838423524843,5.29555205184484e-05,150.11418759066487,150.13948008702934,4.8274098784032016e-14,1.8624802308384352e-13,1.7988312174639792e-13,3.235793748922941e-26,183.6348287063752,0.0,200.0,4755.833333333333,1.0,9899.0,9898.0,0.0099009900990099,768000,-7.723049118748748e-06,5.554649646737955e-17,-4.282960764979036e-17,-7.58825949773969e-17,-1.4204318762323672e-16,0.3385155165152375,8.737714306041098e-18,-2.5961751544570056e-16,-7.111262379599623e-17,-1.8688455792777808e-17,0.0765402471227175,-0.180370562943093,-1.0525797093613727e-16,REAL
94.9008567000448,6763.136481910175,4898.942694370373,9953.333549661098,0.0003586329600216,23.428647662628524,23.45518267429799,2.0445448646681426e-12,8.493889296812114e-12,8.244148936237053e-12,6.796599168285855e-23,179.34085251564906,0.0,200.45454545454547,5075.589285714285,1.0,10983.0,10982.0,0.009009009009009,705603,-3.4873197209199745e-05,7.188810557985427e-17,8.86931172738462e-18,0.0,0.0,0.3404287145545709,-1.0447528881904405e-16,2.98755763448745e-17,-6.348559973285832e-17,2.8008352823319845e-18,0.0743352813120014,-0.1796979061943183,2.3106891079238876e-17,REAL
-57.84672440509348,9775.942412783796,7834.266487299311,9523.790148839413,5.016634908857708e-07,150.0501920204128,150.11212308536108,2.942788380790021e-18,2.1491140916715506e-17,2.128870908364363e-17,4.532091344480107e-34,185.55233489455603,0.0,200.45454545454547,5491.542635658915,1.0,10983.0,10982.0,0.0078125,705600,-2.177144352712579e-05,5.992467651320494e-18,3.7384619618040455e-17,-3.0326622004403106e-17,7.453245480001051e-17,0.3404287145496411,-1.943559006149281e-16,5.537112966569696e-17,1.111976140161447e-16,3.715694227566506e-18,0.0743352816173987,-0.1796979061887055,-5.081758281818898e-18,REAL
10.95380629669502,7844.089374325758,6136.278140646892,10007.591974034558,0.0008246782854798,150.12000011335826,150.13845673429543,1.4620903507825175e-11,7.717764862624439e-11,7.578006748539424e-11,5.742618628090906e-21,182.29323748504848,0.0,200.0,5788.879032258064,1.0,11860.0,11859.0,0.008130081300813,768000,-7.903280373161239e-06,3.284471240322243e-17,-2.4506088079122726e-17,5.1706753450749275e-17,5.1160555350917416e-17,0.3385155163691258,2.1553746469612855e-16,1.1892553293672336e-16,6.146776865982779e-17,2.2139229646518002e-17,0.0765403604547944,-0.1803705629560671,-2.2476051808080978e-17,REAL
110.80630233805132,6621.56604502354,4213.464754196258,9711.656699427012,0.0004030286437964,150.0185428282224,150.02398727909008,2.9922033285148136e-12,1.1861246254973007e-11,1.1477625275375392e-11,1.317358819619361e-22,185.26155818655783,88.72458410351202,200.0,3999.428571428572,1.0,9899.0,9898.0,0.0120481927710843,768000,-8.76497790957149e-06,7.460947423728509e-17,-7.346163617209611e-17,-1.3555420960327254e-16,6.271204159334195e-17,0.3385155164131052,1.597286093735385e-16,-1.1186866222635665e-17,5.810246968075754e-17,1.625192943092999e-17,0.0765402434634871,-0.180370562984164,-1.4830796588315036e-17,REAL
15769.476808135092,3332.773539212156,7035.949458060964,9534.02476656624,4.412869831112308e-07,142.61432656817007,142.61366105146635,2.5746666366299905e-18,2.0520117883099078e-17,2.035795494755077e-17,4.144463296465069e-34,141.8201553869414,0.0,200.45454545454547,4926.773913043478,1.0,10725.0,10724.0,0.0087719298245614,705600,3.46763860059122e-05,-2.6219784218315577e-17,5.9416177687703446e-18,-1.0254082278361721e-16,-2.2309816396286066e-17,0.3404287145782781,-1.5576353607889715e-16,-9.475922015742124e-17,1.797818537776317e-17,-1.1729903466088549e-17,0.0743357998009283,-0.1796979061868078,5.71545296337844e-17,REAL
-21.12342899412913,3009.8004723131007,1248.0306836824925,9066.73940152881,0.0007049410592096,19.885827190199244,19.909392357123192,5.720671523393039e-12,1.4425852564749696e-11,1.3243078929815956e-11,1.7537913954133538e-22,185.22743314812837,90.0,200.45454545454547,5356.524590163935,1.0,10983.0,10982.0,0.0082644628099173,705604,0.0001002065950851,-4.099113071338189e-17,-1.375541299106775e-18,1.925757818749485e-18,2.8061042501778207e-17,0.3404287145491714,7.915149945323553e-17,-2.888636728124228e-18,3.218766639909854e-17,-1.2104763432139619e-17,0.0743353070886288,-0.1796979061749004,7.771808339953279e-18,REAL
1.109974533211397,3254.563516019922,2253.914595170401,9541.421225293698,0.000671618973724,150.07162848760206,150.04684549258715,1.4160995619061867e-11,1.0214743616594104e-10,1.0116108401135244e-10,1.0233564918351907e-20,180.5425982864488,0.0,200.45454545454547,2788.909090909091,1.0,5577.0,5576.0,0.0153846153846153,705600,-8.062191215485798e-06,-1.84707248302104e-17,-2.459120169702568e-17,1.0747265926848259e-17,1.8798607519504077e-17,0.3404287114166215,7.984700623193116e-17,-3.850800028704614e-17,1.468185819837237e-17,-3.4609839425443552e-18,0.0743364847634943,-0.1796979057563668,-2.1048247082157905e-17,REAL
9.87984082776277,4667.58881848511,2063.2531246436297,9954.838423524843,5.29555205184484e-05,150.11418759066487,150.13948008702934,4.8274098784032016e-14,1.8624802308384352e-13,1.7988312174639792e-13,3.235793748922941e-26,183.6348287063752,0.0,200.0,4755.833333333333,1.0,9899.0,9898.0,0.0099009900990099,768000,-7.723049118748748e-06,5.554649646737955e-17,-4.282960764979036e-17,-7.58825949773969e-17,-1.4204318762323672e-16,0.3385155165152375,8.737714306041098e-18,-2.5961751544570056e-16,-7.111262379599623e-17,-1.8688455792777808e-17,0.0765402471227175,-0.180370562943093,-1.0525797093613727e-16,REAL
94.9008567000448,6763.136481910175,4898.942694370373,9953.333549661098,0.0003586329600216,23.428647662628524,23.45518267429799,2.0445448646681426e-12,8.493889296812114e-12,8.244148936237053e-12,6.796599168285855e-23,179.34085251564906,0.0,200.45454545454547,5075.589285714285,1.0,10983.0,10982.0,0.009009009009009,705603,-3.4873197209199745e-05,7.188810557985427e-17,8.86931172738462e-18,0.0,0.0,0.3404287145545709,-1.0447528881904405e-16,2.98755763448745e-17,-6.348559973285832e-17,2.8008352823319845e-18,0.0743352813120014,-0.1796979061943183,2.3106891079238876e-17,REAL
-57.84672440509348,9775.942412783796,7834.266487299311,9523.790148839413,5.016634908857708e-07,150.0501920204128,150.11212308536108,2.942788380790021e-18,2.1491140916715506e-17,2.128870908364363e-17,4.532091344480107e-34,185.55233489455603,0.0,200.45454545454547,5491.542635658915,1.0,10983.0,10982.0,0.0078125,705600,-2.177144352712579e-05,5.992467651320494e-18,3.7384619618040455e-17,-3.0326622004403106e-17,7.453245480001051e-17,0.3404287145496411,-1.943559006149281e-16,5.537112966569696e-17,1.111976140161447e-16,3.715694227566506e-18,0.0743352816173987,-0.1796979061887055,-5.081758281818898e-18,REAL
10.95380629669502,7844.089374325758,6136.278140646892,10007.591974034558,0.0008246782854798,150.12000011335826,150.13845673429543,1.4620903507825175e-11,7.717764862624439e-11,7.578006748539424e-11,5.742618628090906e-21,182.29323748504848,0.0,200.0,5788.879032258064,1.0,11860.0,11859.0,0.008130081300813,768000,-7.903280373161239e-06,3.284471240322243e-17,-2.4506088079122726e-17,5.1706753450749275e-17,5.1160555350917416e-17,0.3385155163691258,2.1553746469612855e-16,1.1892553293672336e-16,6.146776865982779e-17,2.2139229646518002e-17,0.0765403604547944,-0.1803705629560671,-2.2476051808080978e-17,REAL
110.80630233805132,6621.56604502354,4213.464754196258,9711.656699427012,0.0004030286437964,150.0185428282224,150.02398727909008,2.9922033285148136e-12,1.1861246254973007e-11,1.1477625275375392e-11,1.317358819619361e-22,185.26155818655783,88.72458410351202,200.0,3999.428571428572,1.0,9899.0,9898.0,0.0120481927710843,768000,-8.76497790957149e-06,7.460947423728509e-17,-7.346163617209611e-17,-1.3555420960327254e-16,6.271204159334195e-17,0.3385155164131052,1.597286093735385e-16,-1.1186866222635665e-17,5.810246968075754e-17,1.625192943092999e-17,0.0765402434634871,-0.180370562984164,-1.4830796588315036e-17,REAL
15769.476808135092,3332.773539212156,7035.949458060964,9534.02476656624,4.412869831112308e-07,142.61432656817007,142.61366105146635,2.5746666366299905e-18,2.0520117883099078e-17,2.035795494755077e-17,4.144463296465069e-34,141.8201553869414,0.0,200.45454545454547,4926.773913043478,1.0,10725.0,10724.0,0.0087719298245614,705600,3.46763860059122e-05,-2.6219784218315577e-17,5.9416177687703446e-18,-1.0254082278361721e-16,-2.2309816396286066e-17,0.3404287145782781,-1.5576353607889715e-16,-9.475922015742124e-17,1.797818537776317e-17,-1.1729903466088549e-17,0.0743357998009283,-0.1796979061868078,5.71545296337844e-17,REAL
-21.12342899412913,3009.8004723131007,1248.0306836824925,9066.73940152881,0.0007049410592096,19.885827190199244,19.909392357123192,5.720671523393039e-12,1.4425852564749696e-11,1.3243078929815956e-11,1.7537913954133538e-22,185.22743314812837,90.0,200.45454545454547,5356.524590163935,1.0,10983.0,10982.0,0.0082644628099173,705604,0.0001002065950851,-4.099113071338189e-17,-1.375541299106775e-18,1.925757818749485e-18,2.8061042501778207e-17,0.3404287145491714,7.915149945323553e-17,-2.888636728124228e-18,3.218766639909854e-17,-1.2104763432139619e-17,0.0743353070886288,-0.1796979061749004,7.771808339953279e-18,REAL
1.109974533211397,3254.563516019922,2253.914595170401,9541.421225293698,0.000671618973724,150.07162848760206,150.04684549258715,1.4160995619061867e-11,1.0214743616594104e-10,1.0116108401135244e-10,1.0233564918351907e-20,180.5425982864488,0.0,200.45454545454547,2788.909090909091,1.0,5577.0,5576.0,0.0153846153846153,705600,-8.062191215485798e-06,-1.84707248302104e-17,-2.459120169702568e-17,1.0747265926848259e-17,1.8798607519504077e-17,0.3404287114166215,7.984700623193116e-17,-3.850800028704614e-17,1.468185819837237e-17,-3.4609839425443552e-18,0.0743364847634943,-0.1796979057563668,-2.1048247082157905e-17,REAL
9.87984082776277,4667.58881848511,2063.2531246436297,9954.838423524843,5.29555205184484e-05,150.11418759066487,150.13948008702934,4.8274098784032016e-14,1.8624802308384352e-13,1.7988312174639792e-13,3.235793748922941e-26,183.6348287063752,0.0,200.0,4755.833333333333,1.0,9899.0,9898.0,0.0099009900990099,768000,-7.723049118748748e-06,5.554649646737955e-17,-4.282960764979036e-17,-7.58825949773969e-17,-1.4204318762323672e-16,0.3385155165152375,8.737714306041098e-18,-2.5961751544570056e-16,-7.111262379599623e-17,-1.8688455792777808e-17,0.0765402471227175,-0.180370562943093,-1.0525797093613727e-16,REAL
94.9008567000448,6763.136481910175,4898.942694370373,9953.333549661098,0.0003586329600216,23.428647662628524,23.45518267429799,2.0445448646681426e-12,8.493889296812114e-12,8.244148936237053e-12,6.796599168285855e-23,179.34085251564906,0.0,200.45454545454547,5075.589285714285,1.0,10983.0,10982.0,0.009009009009009,705603,-3.4873197209199745e-05,7.188810557985427e-17,8.86931172738462e-18,0.0,0.0,0.3404287145545709,-1.0447528881904405e-16,2.98755763448745e-17,-6.348559973285832e-17,2.8008352823319845e-18,0.0743352813120014,-0.1796979061943183,2.3106891079238876e-17,REAL
-57.84672440509348,9775.942412783796,7834.266487299311,9523.790148839413,5.016634908857708e-07,150.0501920204128,150.11212308536108,2.942788380790021e-18,2.1491140916715506e-17,2.128870908364363e-17,4.532091344480107e-34,185.55233489455603,0.0,200.45454545454547,5491.542635658915,1.0,10983.0,10982.0,0.0078125,705600,-2.177144352712579e-05,5.992467651320494e-18,3.7384619618040455e-17,-3.0326622004403106e-17,7.453245480001051e-17,0.3404287145496411,-1.943559006149281e-16,5.537112966569696e-17,1.111976140161447e-16,3.715694227566506e-18,0.0743352816173987,-0.1796979061887055,-5.081758281818898e-18,REAL
10.95380629669502,7844.089374325758,6136.278140646892,10007.591974034558,0.0008246782854798,150.12000011335826,150.13845673429543,1.4620903507825175e-11,7.717764862624439e-11,7.578006748539424e-11,5.742618628090906e-21,182.29323748504848,0.0,200.0,5788.879032258064,1.0,11860.0,11859.0,0.008130081300813,768000,-7.903280373161239e-06,3.284471240322243e-17,-2.4506088079122726e-17,5.1706753450749275e-17,5.1160555350917416e-17,0.3385155163691258,2.1553746469612855e-16,1.1892553293672336e-16,6.146776865982779e-17,2.2139229646518002e-17,0.0765403604547944,-0.1803705629560671,-2.2476051808080978e-17,REAL
110.80630233805132,6621.56604502354,4213.464754196258,9711.656699427012,0.0004030286437964,150.0185428282224,150.02398727909008,2.9922033285148136e-12,1.1861246254973007e-11,1.1477625275375392e-11,1.317358819619361e-22,185.26155818655783,88.72458410351202,200.0,3999.428571428572,1.0,9899.0,9898.0,0.0120481927710843,768000,-8.76497790957149e-06,7.460947423728509e-17,-7.346163617209611e-17,-1.3555420960327254e-16,6.271204159334195e-17,0.3385155164131052,1.597286093735385e-16,-1.1186866222635665e-17,5.810246968075754e-17,1.625192943092999e-17,0.0765402434634871,-0.180370562984164,-1.4830796588315036e-17,REAL
15769.476808135092,3332.773539212156,7035.949458060964,9534.02476656624,4.412869831112308e-07,142.61432656817007,142.61366105146635,2.5746666366299905e-18,2.0520117883099078e-17,2.035795494755077e-17,4.144463296465069e-34,141.8201553869414,0.0,200.45454545454547,4926.773913043478,1.0,10725.0,10724.0,0.0087719298245614,705600,3.46763860059122e-05,-2.6219784218315577e-17,5.9416177687703446e-18,-1.0254082278361721e-16,-2.2309816396286066e-17,0.3404287145782781,-1.5576353607889715e-16,-9.475922015742124e-17,1.797818537776317e-17,-1.1729903466088549e-17,0.0743357998009283,-0.1796979061868078,5.71545296337844e-17,REAL
-21.12342899412913,3009.8004723131007,1248.0306836824925,9066.73940152881,0.0007049410592096,19.885827190199244,19.909392357123192,5.720671523393039e-12,1.4425852564749696e-11,1.3243078929815956e-11,1.7537913954133538e-22,185.22743314812837,90.0,200.45454545454547,5356.524590163935,1.0,10983.0,10982.0,0.0082644628099173,705604,0.0001002065950851,-4.099113071338189e-17,-1.375541299106775e-18,1.925757818749485e-18,2.8061042501778207e-17,0.3404287145491714,7.915149945323553e-17,-2.888636728124228e-18,3.218766639909854e-17,-1.2104763432139619e-17,0.0743353070886288,-0.1796979061749004,7.771808339953279e-18,REAL
1.109974533211397,3254.563516019922,2253.914595170401,9541.421225293698,0.000671618973724,150.07162848760206,150.04684549258715,1.4160995619061867e-11,1.0214743616594104e-10,1.0116108401135244e-10,1.0233564918351907e-20,180.5425982864488,0.0,200.45454545454547,2788.909090909091,1.0,5577.0,5576.0,0.0153846153846153,705600,-8.062191215485798e-06,-1.84707248302104e-17,-2.459120169702568e-17,1.0747265926848259e-17,1.8798607519504077e-17,0.3404287114166215,7.984700623193116e-17,-3.850800028704614e-17,1.468185819837237e-17,-3.4609839425443552e-18,0.0743364847634943,-0.1796979057563668,-2.1048247082157905e-17,REAL
9.87984082776277,4667.58881848511,2063.2531246436297,9954.838423524843,5.29555205184484e-05,150.11418759066487,150.13948008702934,4.8274098784032016e-14,1.8624802308384352e-13,1.7988312174639792e-13,3.235793748922941e-26,183.6348287063752,0.0,200.0,4755.833333333333,1.0,9899.0,9898.0,0.0099009900990099,768000,-7.723049118748748e-06,5.554649646737955e-17,-4.282960764979036e-17,-7.58825949773969e-17,-1.4204318762323672e-16,0.3385155165152375,8.737714306041098e-18,-2.5961751544570056e-16,-7.111262379599623e-17,-1.8688455792777808e-17,0.0765402471227175,-0.180370562943093,-1.0525797093613727e-16,REAL
94.9008567000448,6763.136481910175,4898.942694370373,9953.333549661098,0.0003586329600216,23.428647662628524,23.45518267429799,2.0445448646681426e-12,8.493889296812114e-12,8.244148936237053e-12,6.796599168285855e-23,179.34085251564906,0.0,200.45454545454547,5075.589285714285,1.0,10983.0,10982.0,0.009009009009009,705603,-3.4873197209199745e-05,7.188810557985427e-17,8.86931172738462e-18,0.0,0.0,0.3404287145545709,-1.0447528881904405e-16,2.98755763448745e-17,-6.348559973285832e-17,2.8008352823319845e-18,0.0743352813120014,-0.1796979061943183,2.3106891079238876e-17,REAL
-57.84672440509348,9775.942412783796,7834.266487299311,9523.790148839413,5.016634908857708e-07,150.0501920204128,150.11212308536108,2.942788380790021e-18,2.1491140916715506e-17,2.128870908364363e-17,4.532091344480107e-34,185.55233489455603,0.0,200.45454545454547,5491.542635658915,1.0,10983.0,10982.0,0.0078125,705600,-2.177144352712579e-05,5.992467651320494e-18,3.7384619618040455e-17,-3.0326622004403106e-17,7.453245480001051e-17,0.3404287145496411,-1.943559006149281e-16,5.537112966569696e-17,1.111976140161447e-16,3.715694227566506e-18,0.0743352816173987,-0.1796979061887055,-5.081758281818898e-18,REAL
10.95380629669502,7844.089374325758,6136.278140646892,10007.591974034558,0.0008246782854798,150.12000011335826,150.13845673429543,1.4620903507825175e-11,7.717764862624439e-11,7.578006748539424e-11,5.742618628090906e-21,182.29323748504848,0.0,200.0,5788.879032258064,1.0,11860.0,11859.0,0.008130081300813,768000,-7.903280373161239e-06,3.284471240322243e-17,-2.4506088079122726e-17,5.1706753450749275e-17,5.1160555350917416e-17,0.3385155163691258,2.1553746469612855e-16,1.1892553293672336e-16,6.146776865982779e-17,2.2139229646518002e-17,0.0765403604547944,-0.1803705629560671,-2.2476051808080978e-17,REAL
110.80630233805132,6621.56604502354,4213.464754196258,9711.656699427012,0.0004030286437964,150.0185428282224,150.02398727909008,2.9922033285148136e-12,1.1861246254973007e-11,1.1477625275375392e-11,1.317358819619361e-22,185.26155818655783,88.72458410351202,200.0,3999.428571428572,1.0,9899.0,9898.0,0.0120481927710843,768000,-8.76497790957149e-06,7.460947423728509e-17,-7.346163617209611e-17,-1.3555420960327254e-16,6.271204159334195e-17,0.3385155164131052,1.597286093735385e-16,-1.1186866222635665e-17,5.810246968075754e-17,1.625192943092999e-17,0.0765402434634871,-0.180370562984164,-1.4830796588315036e-17,REAL
15769.476808135092,3332.773539212156,7035.949458060964,9534.02476656624,4.412869831112308e-07,142.61432656817007,142.61366105146635,2.5746666366299905e-18,2.0520117883099078e-17,2.035795494755077e-17,4.144463296465069e-34,141.8201553869414,0.0,200.45454545454547,4926.773913043478,1.0,10725.0,10724.0,0.0087719298245614,705600,3.46763860059122e-05,-2.6219784218315577e-17,5.9416177687703446e-18,-1.0254082278361721e-16,-2.2309816396286066e-17,0.3404287145782781,-1.5576353607889715e-16,-9.475922015742124e-17,1.797818537776317e-17,-1.1729903466088549e-17,0.0743357998009283,-0.1796979061868078,5.71545296337844e-17,REAL
-21.12342899412913,3009.8004723131007,1248.0306836824925,9066.73940152881,0.0007049410592096,19.885827190199244,19.909392357123192,5.720671523393039e-12,1.4425852564749696e-11,1.3243078929815956e-11,1.7537913954133538e-22,185.22743314812837,90.0,200.45454545454547,5356.524590163935,1.0,10983.0,10982.0,0.0082644628099173,705604,0.0001002065950851,-4.099113071338189e-17,-1.375541299106775e-18,1.925757818749485e-18,2.8061042501778207e-17,0.3404287145491714,7.915149945323553e-17,-2.888636728124228e-18,3.218766639909854e-17,-1.2104763432139619e-17,0.0743353070886288,-0.1796979061749004,7.771808339953279e-18,REAL
1.109974533211397,3254.563516019922,2253.914595170401,9541.421225293698,0.000671618973724,150.07162848760206,150.04684549258715,1.4160995619061867e-11,1.0214743616594104e-10,1.0116108401135244e-10,1.0233564918351907e-20,180.5425982864488,0.0,200.45454545454547,2788.909090909091,1.0,5577.0,5576.0,0.0153846153846153,705600,-8.062191215485798e-06,-1.84707248302104e-17,-2.459120169702568e-17,1.0747265926848259e-17,1.8798607519504077e-17,0.3404287114166215,7.984700623193116e-17,-3.850800028704614e-17,1.468185819837237e-17,-3.4609839425443552e-18,0.0743364847634943,-0.1796979057563668,-2.1048247082157905e-17,REAL
9.87984082776277,4667.58881848511,2063.2531246436297,9954.838423524843,5.29555205184484e-05,150.11418759066487,150.13948008702934,4.8274098784032016e-14,1.8624802308384352e-13,1.7988312174639792e-13,3.235793748922941e-26,183.6348287063752,0.0,200.0,4755.833333333333,1.0,9899.0,9898.0,0.0099009900990099,768000,-7.723049118748748e-06,5.554649646737955e-17,-4.282960764979036e-17,-7.58825949773969e-17,-1.4204318762323672e-16,0.3385155165152375,8.737714306041098e-18,-2.5961751544570056e-16,-7.111262379599623e-17,-1.8688455792777808e-17,0.0765402471227175,-0.180370562943093,-1.0525797093613727e-16,REAL
94.9008567000448,6763.136481910175,4898.942694370373,9953.333549661098,0.0003586329600216,23.428647662628524,23.45518267429799,2.0445448646681426e-12,8.493889296812114e-12,8.244148936237053e-12,6.796599168285855e-23,179.34085251564906,0.0,200.45454545454547,5075.589285714285,1.0,10983.0,10982.0,0.009009009009009,705603,-3.4873197209199745e-05,7.188810557985427e-17,8.86931172738462e-18,0.0,0.0,0.3404287145545709,-1.0447528881904405e-16,2.98755763448745e-17,-6.348559973285832e-17,2.8008352823319845e-18,0.0743352813120014,-0.1796979061943183,2.3106891079238876e-17,REAL
-57.84672440509348,9775.942412783796,7834.266487299311,9523.790148839413,5.016634908857708e-07,150.0501920204128,150.11212308536108,2.942788380790021e-18,2.1491140916715506e-17,2.128870908364363e-17,4.532091344480107e-34,185.55233489455603,0.0,200.45454545454547,5491.542635658915,1.0,10983.0,10982.0,0.0078125,705600,-2.177144352712579e-05,5.992467651320494e-18,3.7384619618040455e-17,-3.0326622004403106e-17,7.453245480001051e-17,0.3404287145496411,-1.943559006149281e-16,5.537112966569696e-17,1.111976140161447e-16,3.715694227566506e-18,0.0743352816173987,-0.1796979061887055,-5.081758281818898e-18,REAL
10.95380629669502,7844.089374325758,6136.278140646892,10007.591974034558,0.0008246782854798,150.12000011335826,150.13845673429543,1.4620903507825175e-11,7.717764862624439e-11,7.578006748539424e-11,5.742618628090906e-21,182.29323748504848,0.0,200.0,5788.879032258064,1.0,11860.0,11859.0,0.008130081300813,768000,-7.903280373161239e-06,3.284471240322243e-17,-2.4506088079122726e-17,5.1706753450749275e-17,5.1160555350917416e-17,0.3385155163691258,2.1553746469612855e-16,1.1892553293672336e-16,6.146776865982779e-17,2.2139229646518002e-17,0.0765403604547944,-0.1803705629560671,-2.2476051808080978e-17,REAL
110.80630233805132,6621.56604502354,4213.464754196258,9711.656699427012,0.0004030286437964,150.0185428282224,150.02398727909008,2.9922033285148136e-12,1.1861246254973007e-11,1.1477625275375392e-11,1.317358819619361e-22,185.26155818655783,88.72458410351202,200.0,3999.428571428572,1.0,9899.0,9898.0,0.0120481927710843,768000,-8.76497790957149e-06,7.460947423728509e-17,-7.346163617209611e-17,-1.3555420960327254e-16,6.271204159334195e-17,0.3385155164131052,1.597286093735385e-16,-1.1186866222635665e-17,5.810246968075754e-17,1.625192943092999e-17,0.0765402434634871,-0.180370562984164,-1.4830796588315036e-17,REAL
15769.476808135092,3332.773539212156,7035.949458060964,9534.02476656624,4.412869831112308e-07,142.61432656817007,142.61366105146635,2.5746666366299905e-18,2.0520117883099078e-17,2.035795494755077e-17,4.144463296465069e-34,141.8201553869414,0.0,200.45454545454547,4926.773913043478,1.0,10725.0,10724.0,0.0087719298245614,705600,3.46763860059122e-05,-2.6219784218315577e-17,5.9416177687703446e-18,-1.0254082278361721e-16,-2.2309816396286066e-17,0.3404287145782781,-1.5576353607889715e-16,-9.475922015742124e-17,1.797818537776317e-17,-1.1729903466088549e-17,0.0743357998009283,-0.1796979061868078,5.71545296337844e-17,REAL
-21.12342899412913,3009.8004723131007,1248.0306836824925,9066.73940152881,0.0007049410592096,19.885827190199244,19.909392357123192,5.720671523393039e-12,1.4425852564749696e-11,1.3243078929815956e-11,1.7537913954133538e-22,185.22743314812837,90.0,200.45454545454547,5356.524590163935,1.0,10983.0,10982.0,0.0082644628099173,705604,0.0001002065950851,-4.099113071338189e-17,-1.375541299106775e-18,1.925757818749485e-18,2.8061042501778207e-17,0.3404287145491714,7.915149945323553e-17,-2.888636728124228e-18,3.218766639909854e-17,-1.2104763432139619e-17,0.0743353070886288,-0.1796979061749004,7.771808339953279e-18,REAL
1.109974533211397,3254.563516019922,2253.914595170401,9541.421225293698,0.000671618973724,150.07162848760206,150.04684549258715,1.4160995619061867e-11,1.0214743616594104e-10,1.0116108401135244e-10,1.0233564918351907e-20,180.5425982864488,0.0,200.45454545454547,2788.909090909091,1.0,5577.0,5576.0,0.0153846153846153,705600,-8.062191215485798e-06,-1.84707248302104e-17,-2.459120169702568e-17,1.0747265926848259e-17,1.8798607519504077e-17,0.3404287114166215,7.984700623193116e-17,-3.850800028704614e-17,1.468185819837237e-17,-3.4609839425443552e-18,0.0743364847634943,-0.1796979057563668,-2.1048247082157905e-17,REAL
9.87984082776277,4667.58881848511,2063.2531246436297,9954.838423524843,5.29555205184484e-05,150.11418759066487,150.13948008702934,4.8274098784032016e-14,1.8624802308384352e-13,1.7988312174639792e-13,3.235793748922941e-26,183.6348287063752,0.0,200.0,4755.833333333333,1.0,9899.0,9898.0,0.0099009900990099,768000,-7.723049118748748e-06,5.554649646737955e-17,-4.282960764979036e-17,-7.58825949773969e-17,-1.4204318762323672e-16,0.3385155165152375,8.737714306041098e-18,-2.5961751544570056e-16,-7.111262379599623e-17,-1.8688455792777808e-17,0.0765402471227175,-0.180370562943093,-1.0525797093613727e-16,REAL
94.9008567000448,6763.136481910175,4898.942694370373,9953.333549661098,0.0003586329600216,23.428647662628524,23.45518267429799,2.0445448646681426e-12,8.493889296812114e-12,8.244148936237053e-12,6.796599168285855e-23,179.34085251564906,0.0,200.45454545454547,5075.589285714285,1.0,10983.0,10982.0,0.009009009009009,705603,-3.4873197209199745e-05,7.188810557985427e-17,8.86931172738462e-18,0.0,0.0,0.3404287145545709,-1.0447528881904405e-16,2.98755763448745e-17,-6.348559973285832e-17,2.8008352823319845e-18,0.0743352813120014,-0.1796979061943183,2.3106891079238876e-17,REAL
-57.84672440509348,9775.942412783796,7834.266487299311,9523.790148839413,5.016634908857708e-07,150.0501920204128,150.11212308536108,2.942788380790021e-18,2.1491140916715506e-17,2.128870908364363e-17,4.532091344480107e-34,185.55233489455603,0.0,200.45454545454547,5491.542635658915,1.0,10983.0,10982.0,0.0078125,705600,-2.177144352712579e-05,5.992467651320494e-18,3.7384619618040455e-17,-3.0326622004403106e-17,7.453245480001051e-17,0.3404287145496411,-1.943559006149281e-16,5.537112966569696e-17,1.111976140161447e-16,3.715694227566506e-18,0.0743352816173987,-0.1796979061887055,-5.081758281818898e-18,REAL
10.95380629669502,7844.089374325758,6136.278140646892,10007.591974034558,0.0008246782854798,150.12000011335826,150.13845673429543,1.4620903507825175e-11,7.717764862624439e-11,7.578006748539424e-11,5.742618628090906e-21,182.29323748504848,0.0,200.0,5788.879032258064,1.0,11860.0,11859.0,0.008130081300813,768000,-7.903280373161239e-06,3.284471240322243e-17,-2.4506088079122726e-17,5.1706753450749275e-17,5.1160555350917416e-17,0.3385155163691258,2.1553746469612855e-16,1.1892553293672336e-16,6.146776865982779e-17,2.2139229646518002e-17,0.0765403604547944,-0.1803705629560671,-2.2476051808080978e-17,REAL
110.80630233805132,6621.56604502354,4213.464754196258,9711.656699427012,0.0004030286437964,150.0185428282224,150.02398727909008,2.9922033285148136e-12,1.1861246254973007e-11,1.1477625275375392e-11,1.317358819619361e-22,185.26155818655783,88.72458410351202,200.0,3999.428571428572,1.0,9899.0,9898.0,0.0120481927710843,768000,-8.76497790957149e-06,7.460947423728509e-17,-7.346163617209611e-17,-1.3555420960327254e-16,6.271204159334195e-17,0.3385155164131052,1.597286093735385e-16,-1.1186866222635665e-17,5.810246968075754e-17,1.625192943092999e-17,0.0765402434634871,-0.180370562984164,-1.4830796588315036e-17,REAL
15769.476808135092,3332.773539212156,7035.949458060964,9534.02476656624,4.412869831112308e-07,142.61432656817007,142.61366105146635,2.5746666366299905e-18,2.0520117883099078e-17,2.035795494755077e-17,4.144463296465069e-34,141.8201553869414,0.0,200.45454545454547,4926.773913043478,1.0,10725.0,10724.0,0.0087719298245614,705600,3.46763860059122e-05,-2.6219784218315577e-17,5.9416177687703446e-18,-1.0254082278361721e-16,-2.2309816396286066e-17,0.3404287145782781,-1.5576353607889715e-16,-9.475922015742124e-17,1.797818537776317e-17,-1.1729903466088549e-17,0.0743357998009283,-0.1796979061868078,5.71545296337844e-17,REAL
-21.12342899412913,3009.8004723131007,1248.0306836824925,9066.73940152881,0.0007049410592096,19.885827190199244,19.909392357123192,5.720671523393039e-12,1.4425852564749696e-11,1.3243078929815956e-11,1.7537913954133538e-22,185.22743314812837,90.0,200.45454545454547,5356.524590163935,1.0,10983.0,10982.0,0.0082644628099173,705604,0.0001002065950851,-4.099113071338189e-17,-1.375541299106775e-18,1.925757818749485e-18,2.8061042501778207e-17,0.3404287145491714,7.915149945323553e-17,-2.888636728124228e-18,3.218766639909854e-17,-1.2104763432139619e-17,0.0743353070886288,-0.1796979061749004,7.771808339953279e-18,REAL
1.109974533211397,3254.563516019922,2253.914595170401,9541.421225293698,0.000671618973724,150.07162848760206,150.04684549258715,1.4160995619061867e-11,1.0214743616594104e-10,1.0116108401135244e-10,1.0233564918351907e-20,180.5425982864488,0.0,200.45454545454547,2788.909090909091,1.0,5577.0,5576.0,0.0153846153846153,705600,-8.062191215485798e-06,-1.84707248302104e-17,-2.459120169702568e-17,1.0747265926848259e-17,1.8798607519504077e-17,0.3404287114166215,7.984700623193116e-17,-3.850800028704614e-17,1.468185819837237e-17,-3.4609839425443552e-18,0.0743364847634943,-0.1796979057563668,-2.1048247082157905e-17,REAL
9.87984082776277,4667.58881848511,2063.2531246436297,9954.838423524843,5.29555205184484e-05,150.11418759066487,150.13948008702934,4.8274098784032016e-14,1.8624802308384352e-13,1.7988312174639792e-13,3.235793748922941e-26,183.6348287063752,0.0,200.0,4755.833333333333,1.0,9899.0,9898.0,0.0099009900990099,768000,-7.723049118748748e-06,5.554649646737955e-17,-4.282960764979036e-17,-7.58825949773969e-17,-1.4204318762323672e-16,0.3385155165152375,8.737714306041098e-18,-2.5961751544570056e-16,-7.111262379599623e-17,-1.8688455792777808e-17,0.0765402471227175,-0.180370562943093,-1.0525797093613727e-16,REAL
94.9008567000448,6763.136481910175,4898.942694370373,9953.333549661098,0.0003586329600216,23.428647662628524,23.45518267429799,2.0445448646681426e-12,8.493889296812114e-12,8.244148936237053e-12,6.796599168285855e-23,179.34085251564906,0.0,200.45454545454547,5075.589285714285,1.0,10983.0,10982.0,0.009009009009009,705603,-3.4873197209199745e-05,7.188810557985427e-17,8.86931172738462e-18,0.0,0.0,0.3404287145545709,-1.0447528881904405e-16,2.98755763448745e-17,-6.348559973285832e-17,2.8008352823319845e-18,0.0743352813120014,-0.1796979061943183,2.3106891079238876e-17,REAL
-57.84672440509348,9775.942412783796,7834.266487299311,9523.790148839413,5.016634908857708e-07,150.0501920204128,150.11212308536108,2.942788380790021e-18,2.1491140916715506e-17,2.128870908364363e-17,4.532091344480107e-34,185.55233489455603,0.0,200.45454545454547,5491.542635658915,1.0,10983.0,10982.0,0.0078125,705600,-2.177144352712579e-05,5.992467651320494e-18,3.7384619618040455e-17,-3.0326622004403106e-17,7.453245480001051e-17,0.3404287145496411,-1.943559006149281e-16,5.537112966569696e-17,1.111976140161447e-16,3.715694227566506e-18,0.0743352816173987,-0.1796979061887055,-5.081758281818898e-18,REAL
10.95380629669502,7844.089374325758,6136.278140646892,10007.591974034558,0.0008246782854798,150.12000011335826,150.13845673429543,1.4620903507825175e-11,7.717764862624439e-11,7.578006748539424e-11,5.742618628090906e-21,182.29323748504848,0.0,200.0,5788.879032258064,1.0,11860.0,11859.0,0.008130081300813,768000,-7.903280373161239e-06,3.284471240322243e-17,-2.4506088079122726e-17,5.1706753450749275e-17,5.1160555350917416e-17,0.3385155163691258,2.1553746469612855e-16,1.1892553293672336e-16,6.146776865982779e-17,2.2139229646518002e-17,0.0765403604547944,-0.1803705629560671,-2.2476051808080978e-17,REAL
110.80630233805132,6621.56604502354,4213.464754196258,9711.656699427012,0.0004030286437964,150.0185428282224,150.02398727909008,2.9922033285148136e-12,1.1861246254973007e-11,1.1477625275375392e-11,1.317358819619361e-22,185.26155818655783,88.72458410351202,200.0,3999.428571428572,1.0,9899.0,9898.0,0.0120481927710843,768000,-8.76497790957149e-06,7.460947423728509e-17,-7.346163617209611e-17,-1.3555420960327254e-16,6.271204159334195e-17,0.3385155164131052,1.597286093735385e-16,-1.1186866222635665e-17,5.810246968075754e-17,1.625192943092999e-17,0.0765402434634871,-0.180370562984164,-1.4830796588315036e-17,REAL
15769.476808135092,3332.773539212156,7035.949458060964,9534.02476656624,4.412869831112308e-07,142.61432656817007,142.61366105146635,2.5746666366299905e-18,2.0520117883099078e-17,2.035795494755077e-17,4.144463296465069e-34,141.8201553869414,0.0,200.45454545454547,4926.773913043478,1.0,10725.0,10724.0,0.0087719298245614,705600,3.46763860059122e-05,-2.6219784218315577e-17,5.9416177687703446e-18,-1.0254082278361721e-16,-2.2309816396286066e-17,0.3404287145782781,-1.5576353607889715e-16,-9.475922015742124e-17,1.797818537776317e-17,-1.1729903466088549e-17,0.0743357998009283,-0.1796979061868078,5.71545296337844e-17,REAL
